rank	views	title
66	145210	Violin Concerto in E major, RV 269 (Vivaldi, Antonio)
67	144989	Violin Concerto in F minor, RV 297 (Vivaldi, Antonio)
108	115262	Violin Concerto in G minor, RV 315 (Vivaldi, Antonio)
117	112648	Violin Concerto in A minor, RV 356 (Vivaldi, Antonio)
157	95174	Romeo and Juliet (overture-fantasia), TH 42 (Tchaikovsky, Pyotr)
191	83355	Violin Concerto No.2, Op.35 (Rieding, Oskar)
200	81485	Trumpet Concerto in E-flat major, Hob.VIIe:1 (Haydn, Joseph)
202	81020	Violin Concerto in D major, Op.61 (Beethoven, Ludwig van)
204	80378	Concerto for 2 Violins in A minor, RV 522 (Vivaldi, Antonio)
211	79378	Brandenburg Concerto No.3 in G major, BWV 1048 (Bach, Johann Sebastian)
215	77745	Vltava, JB 1:112/2 (Smetana, Bedrich)
227	76639	Rhapsody in Blue (Gershwin, George)
238	75093	Oboe Concerto in D minor, S.Z799 (Marcello, Alessandro)
246	71073	Piano Concerto in G major, M.83 (Ravel, Maurice)
251	70210	Finlandia, Op.26 (Sibelius, Jean)
270	67356	Flute Concerto in G major, K.313/285c (Mozart, Wolfgang Amadeus)
283	64338	Egmont, Op.84 (Beethoven, Ludwig van)
299	62181	1812 Overture, Op.49 (Tchaikovsky, Pyotr)
319	59588	Concerto grosso in G minor 'Fatto per la Notte di Natale', Op.6 No.8 (Corelli, Arcangelo)
355	55550	Concerto in B minor, RV 580 (Vivaldi, Antonio)
359	54247	Concerto for 2 Cellos in G minor, RV 531 (Vivaldi, Antonio)
360	54245	Brandenburg Concerto No.5 in D major, BWV 1050 (Bach, Johann Sebastian)
383	51212	Horn Concerto in E-flat major, K.447 (Mozart, Wolfgang Amadeus)
413	48717	Cello Concerto No.2 in D major, Hob.VIIb:2 (Haydn, Joseph)
422	48035	Academic Festival Overture, Op.80 (Brahms, Johannes)
427	47225	Clarinet Concerto No.1 in F minor, Op.73 (Weber, Carl Maria von)
428	47193	Flute Concerto in D major, K.314/285d (Mozart, Wolfgang Amadeus)
438	46610	Violin Concerto No.2, Op.22 (Wieniawski, Henri)
443	46334	Concerto for Orchestra, Sz.116 (Bartok, Bela)
473	44864	Brandenburg Concerto No.2 in F major, BWV 1047 (Bach, Johann Sebastian)
474	44858	Violin Concerto No.1 in A minor (Accolay, Jean-Baptiste)
477	44714	Violin Concerto in G major, Hob.VIIa:4* (Haydn, Joseph)
487	44195	Violin Concerto in E major, BWV 1042 (Bach, Johann Sebastian)
501	42881	Violin Concerto No.3, Op.61 (Saint-Saens, Camille)
512	42304	Concerto for Violin and Oboe in C minor, BWV 1060R (Bach, Johann Sebastian)
567	39066	Viola Concerto in the Style of J.C. Bach (Casadesus, Henri)
588	37978	Violin Concerto No.1, Op.6 (Paganini, Niccolo)
589	37907	Brandenburg Concerto No.1 in F major, BWV 1046 (Bach, Johann Sebastian)
622	36380	Recorder Concerto in C major, RV 443 (Vivaldi, Antonio)
629	36148	Oboe Concerto in C major, K.314/271k (Mozart, Wolfgang Amadeus)
638	35809	Bassoon Concerto in B-flat major, K.191/186e (Mozart, Wolfgang Amadeus)
651	35251	Concerto in D minor, RV 565 (Vivaldi, Antonio)
666	34833	Horn Concerto No.1, Op.11 (Strauss, Richard)
689	33823	Clarinet Concerto No.2 in E-flat major, Op.74 (Weber, Carl Maria von)
693	33693	Horn Concerto in D major, K.412/386b (Mozart, Wolfgang Amadeus)
696	33662	Flute and Harp Concerto in C major, K.299/297c (Mozart, Wolfgang Amadeus)
702	33503	Brandenburg Concerto No.4 in G major, BWV 1049 (Bach, Johann Sebastian)
705	33343	Keyboard Concerto in D major, Hob.XVIII:11 (Haydn, Joseph)
715	33069	Trumpet Concerto in E major, S.49 (Hummel, Johann Nepomuk)
742	32418	Violin Concerto No.2, Op.7 (Paganini, Niccolo)
758	31737	Brandenburg Concerto No.6 in B-flat major, BWV 1051 (Bach, Johann Sebastian)
777	31022	Student Concerto No.5, Op.22 (Seitz, Friedrich)
809	29963	Overture to Offenbach's Opera 'Orphee aux Enfers' (Binder, Carl)
844	29022	Carnival Overture, Op.92 (Dvorak, Antonin)
862	28572	Piano Concerto No.1, Op.1 (Rachmaninoff, Sergei)
889	27983	Double Bass Concerto, Op.3 (Koussevitzky, Serge)
915	27406	Triple Concerto, Op.56 (Beethoven, Ludwig van)
953	26539	Flute Concerto, Op.283 (Reinecke, Carl)
968	26323	Piano Concerto for the Left Hand, M.82 (Ravel, Maurice)
1006	25493	Tragic Overture, Op.81 (Brahms, Johannes)
1050	24521	Clarinet Concerto No.3 in B-flat major (Stamitz, Carl Philipp)
1051	24517	Piano Concerto No.12 in A major, K.414/385p (Mozart, Wolfgang Amadeus)
1065	24272	Piano Concerto No.17 in G major, K.453 (Mozart, Wolfgang Amadeus)
1076	24172	Flute Concerto (Ibert, Jacques)
1081	24084	Violin Concerto No.9, Op.104 (Beriot, Charles-Auguste de)
1136	23141	Piano Concerto (Gershwin, George)
1147	22911	A Midsummer Night's Dream, overture, Op.21 (Mendelssohn, Felix)
1215	22092	Oboe Concerto in D minor, Op.9 No.2 (Albinoni, Tomaso)
1216	22043	Violin Concerto No.1 in B-flat major, K.207 (Mozart, Wolfgang Amadeus)
1258	21485	Saxophone Concerto, Op.109 (Glazunov, Aleksandr)
1297	20992	Piano Concerto No.9 in E-flat major, K.271 (Mozart, Wolfgang Amadeus)
1338	20489	Violin Concerto No.1, Op.34 (Rieding, Oskar)
1353	20300	Oboe Concerto, TrV 292 (Strauss, Richard)
1356	20257	Bassoon Concerto in F major, Op.75 (Weber, Carl Maria von)
1357	20233	Violin Concerto No.1, Op.14 (Wieniawski, Henri)
1358	20216	Violin Concerto in D minor, MWV O 3 (Mendelssohn, Felix)
1371	20044	Violin Concerto No.22 in A minor (Viotti, Giovanni Battista)
1387	19887	Flute Concerto in D major, RV 428 (Vivaldi, Antonio)
1409	19521	Horn Concerto, Op.91 (Gliere, Reinhold)
1416	19413	Violin Concerto No.2 in D major, K.211 (Mozart, Wolfgang Amadeus)
1423	19312	Violin Concerto in C major, Hob.VIIa:1 (Haydn, Joseph)
1430	19281	Concerto in G minor, BWV 1056R (Bach, Johann Sebastian)
1478	18753	Double Concerto in E minor, Op.88 (Bruch, Max)
1489	18587	Piano Concerto No.27 in B-flat major, K.595 (Mozart, Wolfgang Amadeus)
1529	18197	Violin Concerto No.23 in G major (Viotti, Giovanni Battista)
1543	18013	Oboe Concerto in C major, Hob.VIIg:C1 (Haydn, Joseph)
1553	17961	Horn Concerto No.2, TrV 283 (Strauss, Richard)
1564	17893	Trombone Concerto (Rimsky-Korsakov, Nikolay)
1575	17762	Cello Concerto in B-flat major, G.482 (Boccherini, Luigi)
1605	17524	Double Bass Concerto No.2, Kr.172 (Dittersdorf, Carl Ditters von)
1626	17353	Concerto for 2 Trumpets in C major, RV 537 (Vivaldi, Antonio)
1628	17344	Flute Concerto in G minor, RV 439 (Vivaldi, Antonio)
1665	17145	Piano Concerto No.25 in C major, K.503 (Mozart, Wolfgang Amadeus)
1685	17026	Violin Concerto, Op.82 (Glazunov, Aleksandr)
1692	16938	Viola Concerto (Bartok, Bela)
1696	16888	Violin Concerto (Berg, Alban)
1715	16726	Piano Concerto No.10 in E-flat major, K.365/316a (Mozart, Wolfgang Amadeus)
1770	16130	Concerto for Strings in G major, RV 151 (Vivaldi, Antonio)
1804	15898	Trumpet Concerto, Op.18 (Bohme, Oskar)
1818	15791	Flute Concerto in D minor, H.484.1 (Bach, Carl Philipp Emanuel)
